dynasty room  930 hilgard ave.  los angeles  continental|duane park cafe  157 duane st.  between w. broadway and hudson st.  new york  american|0
kuleto's  221 powell st.  san francisco  italian|beaurivage  26025 pacific coast hwy.  malibu  french|0
pamplemousse  400 e. sahara ave.  las vegas  continental|chops  70 w. paces ferry rd.  atlanta  steakhouses|0
asahi ramen  2027 sawtelle blvd.  west la  noodle shops|jan's family restaurant  8424 beverly blvd.  la  coffee shops|0
mandarin court  1510 e. flamingo rd.  las vegas  asian|aleck's barbecue heaven  783 martin luther king jr. dr.  atlanta  barbecue|0
original pantry bakery  875 s. figueroa st. downtown  la  diners|posto  14928 ventura blvd.  sherman oaks  italian|0
fenix  8358 sunset blvd. west  hollywood  american|fenix at the argyle  8358 sunset blvd.  w. hollywood  french (new)|1
golden nugget hotel  129 e. fremont st.  las vegas  buffets|carey's corner  1215 powers ferry rd.  marietta  hamburgers|0
cucina di pesce  87 e. fourth st.  new york city  seafood|empress court  3570 las vegas blvd. s  las vegas  asian|0
capp's corner  1600 powell st.  san francisco  italian|andre's french restaurant  401 s. 6th st.  las vegas  french (classic)|0
abruzzi  2355 peachtree rd.  peachtree battle shopping center  atlanta  italian|abruzzi  2355 peachtree rd. ne  atlanta  italian|1
cha cha cha  656 n. virgil ave.  los angeles  caribbean|sfuzzi  58 w. 65th st.  new york  american|0
center stage plaza hotel  1 main st.  las vegas  american|jackson diner  37-03 74th st.  queens  indian|0
nicola  601 s. figueroa st.  los angeles  american|paty's  10001 riverside dr.  toluca lake  american|0
le dome  8720 sunset blvd.  los angeles  french|baja fresh  3345 kimber dr.  westlake village  mexican|0
soto  3330 piedmont rd.  atlanta  japanese|joss  9255 sunset blvd.  los angeles  asian|0
windows on the world  107th fl.  new york city  eclectic|ton kiang  3148 geary blvd.  san francisco  asian|0
lowcountry barbecue  6301 roswell rd.  sandy springs plaza  sandy springs  atlanta  barbecue|le dome  8720 sunset blvd.  los angeles  french|0
jo jo  160 e. 64th st.  new york  american|jo jo  160 e. 64th st.  new york city  french bistro|1
main street  446 columbus ave.  between 81st and 82nd sts.  new york  american|schatzi on main  3110 main st.  los angeles  continental|0
chanterelle  2 harrison st.  near hudson st.  new york  american|chanterelle  2 harrison st.  new york city  french (new)|1
alley's end  311 w. 17th st.  new york  american|teresa's  103 1st ave.  between 6th and 7th sts.  new york  east european|0
brothers bar-b-q  225 varick st. at clarkston st.  new york  american|suppenkuche  601 hayes st.  san francisco  russian/german|0
the bacchanal  3570 las vegas blvd. s  las vegas  only in las vegas|i trulli  122 e. 27th st.  between lexington and park aves.  new york  italian|0
seryna  11 e. 53rd st.  new york  asian|seryna  11 e. 53rd st.  new york city  japanese|1
sterling brunch  3645 las vegas blvd. s.  las vegas  eclectic|palm  the (atlanta)  3391 peachtree rd. ne  atlanta  steakhouses|0
l'orangerie  903 n. la cienega blvd.  los angeles  french|l'orangerie  903 n. la cienega blvd.  w. hollywood  french (classic)|1
victor's cafe  52 236 w. 52nd st.  new york  latin american|sarabeth's  1295 madison ave.  new york city  american|0
trader vic's  9876 wilshire blvd.  los angeles  asian|mo better meatty meat  7261 melrose ave.  la  hamburgers|0
peter luger steak house  178 broadway  brooklyn  steakhouses|20 mott  20 mott st.  between bowery and pell st.  new york  asian|0
caffe lure  169 sullivan st.  between houston and bleecker sts.  new york  french|dusit thai  3221 mission st.  san francisco  thai|0
agrotikon  322 e. 14 st.  between 1st and 2nd aves.  new york  mediterranean|john's pizzeria  48 w. 65th st.  new york city  pizza|0
szechuan hunan cottage  1588 york ave.  new york city  chinese|greens  bldg. a fort mason  san francisco  vegetarian|0
pamir  1065 1st ave.  at 58th st.  new york  middle eastern|alamo  304 e. 48th st.  new york  mexican|0
arnie morton's of chicago  435 s. la cienega blv.  los angeles  american|arnie morton's of chicago  435 s. la cienega blvd.  los angeles  steakhouses|1
kokomo cafe  6333 w. third st.  la  american|eats  600 ponce de leon ave.  atlanta  italian|0
barney greengrass  9570 wilshire blvd.  beverly hills  american|ca'brea  346 s. la brea ave.  los angeles  italian|0
mary's diner  5111 w. boulder hwy.  las vegas  coffee shops/diners|frico bar  402 w. 43rd st.  off 9th ave.  new york  italian|0
russell's burgers  1198 pch  seal beach  hamburgers|ruth's chris  148 w. 51st st.  new york  american|0
peacock alley  301 park ave.  between 49th and 50th sts.  new york  french|spring street natural restaurant & bar  62 spring st. at lafayette st.  new york  american|0
johnny reb's southern smokehouse  4663 long beach blvd.  long beach  southern/soul|two two two  222 w. 79th st.  new york  american|0
mo better meatty meat  7261 melrose ave.  la  hamburgers|french roast cafe  2340 broadway at 85th st.  new york  coffee bar|0
des alpes  732 broadway  san francisco  french|baker's cajun cafe  1134 euclid ave.  atlanta  cajun/creole|0
sylvia's  328 lenox ave.  new york city  southern/soul|penang soho  109 spring st.  between greene and mercer sts.  new york  asian|0
steak house  2880 las vegas blvd. s  las vegas  steak houses|steak house  the  2880 las vegas blvd. s.  las vegas  steakhouses|1
cite  120 w. 51st st.  new york  french|film center cafe  635 9th ave.  between 44th and 45th sts.  new york  american|0
mambo restaurante cubano  1402 n. highland ave.  atlanta  caribbean|veggieland  220 sandy springs circle  atlanta  vegetarian|0
city grill  50 hurt plaza  atlanta  international|pacific pan pacific hotel  500 post st.  san francisco  french|0
103 west  103 w. paces ferry rd.  atlanta  continental|firehouse  522 columbus ave.  between 85th and 86th sts.  new york  american|0
rubin's red hots  15322 ventura blvd.  encino  hot dogs|tomtom  3393 peachtree rd.  atlanta  continental|0
jackson diner  37-03 74th st.  queens  indian|ocean avenue  1401 ocean ave.  santa monica  american|0
joe's shanghai  9 pell st.  queens  chinese|ocean park cafe  3117 ocean park blvd.  santa monica  american|0
silver skillet  the  200 14th st. nw  atlanta  coffee shops|mckinnon's louisiane  3209 maple dr.  atlanta  southern|0
yaya cuisine  1220 9th ave.  san francisco  greek and middle eastern|joe's shanghai  9 pell st.  queens  chinese|0
poquito mas  2635 w. olive ave.  burbank  mexican|anche vivolo  222 e. 58th st.  between 2nd and 3rd aves.  new york  italian|0
l'udo  432 lafayette st.  near astor pl.  new york  french|water club  500 e. 30th st.  new york  american|0
holt bros. bar-b-q  6359 jimmy carter blvd.  at buford hwy.  norcross  atlanta  barbecue|ernie's  2150 broadway  between 75th and 76th sts.  new york  american|0
emeril's new orleans fish house  3799 las vegas blvd. s.  las vegas  seafood|sam's noodle shop  411 third ave.  new york city  chinese|0
red tulip  439 e. 75th st.  new york  eastern european|wollensky's grill  205 e. 49th st.  new york city  steakhouses|0
rae's  2901 pico blvd.  santa monica  diners|good enough to eat  483 amsterdam ave.  new york city  american|0
empire korea  6 e. 32nd st.  new york  asian|big cup  228 8th ave.  between 21st and 22nd sts.  new york  coffee bar|0
westside cottage  689 ninth ave.  new york city  chinese|pomaire  371 w. 46th st.  off 9th ave.  new york  latin american|0
hi-life restaurant and lounge  1340 1st ave. at 72nd st.  new york  american|f. ille ponte ristorante  39 desbrosses st.  near west st.  new york  italian|0
fujiyama mama  467 columbus ave.  between 82nd and 83rd sts.  new york  asian|morton's  8764 melrose ave.  los angeles  american|0
gotham bar & grill  12 e. 12th st.  new york  american|gotham bar & grill  12 e. 12th st.  new york city  american (new)|1
millennium  246 mcallister st.  san francisco  vegetarian|barbetta  321 w. 46th st.  new york  italian|0
local nochol  30869 thousand oaks blvd.  westlake village  health food|alon's at the terrace  659 peachtree st.  atlanta  sandwiches|0
motown cafe  104 w. 57th st.  near 6th ave.  new york  american|battista's hole in the wall  4041 audrie st. at flamingo rd.  las vegas  italian|0
venetian  3713 w. sahara ave.  las vegas  italian|eric's chinese restaurant  1500 church st.  san francisco  chinese|0
don antonio's  1136 westwood blvd.  westwood  italian|tra di noi  3835 cross creek rd.  los angeles  italian|0
billy's  948 1st ave.  between 52nd and 53rd sts.  new york  american|turkish kitchen  386 3rd ave.  between 27th and 28th sts.  new york  middle eastern|0
nicky blair's  3925 paradise rd.  las vegas  italian|alley's end  311 w. 17th st.  new york  american|0
da nico  164 mulberry st.  between grand and broome sts.  new york  italian|rain  100 w. 82nd st.  new york  asian|0
stefano's  129 fremont st.  las vegas  italian|johnny rockets (at)  2970 cobb pkwy.  atlanta  american|0
marquet patisserie  15 e. 12th st.  between 5th ave. and university pl.  new york  coffee bar|caffe reggio  119 macdougal st.  between 3rd and bleecker sts.  new york  coffee bar|0
scala's bistro  432 powell st.  san francisco  italian|lanza restaurant  168 1st ave.  between 10th and 11th sts.  new york  italian|0
hard rock cafe  221 w. 57th st.  new york  american|cafe renaissance  7050 jimmy carter blvd.  norcross  atlanta  american|0
shiro  1505 mission st. s.  pasadena  pacific new wave|sarabeth's kitchen  423 amsterdam ave.  between 80th and 81st sts.  new york  american|0
shaan  57 w. 48th st.  new york  asian|bamboo garden  4850 flamingo rd.  las vegas  asian|0
granita  23725 w. malibu rd.  malibu  californian|granita  23725 w. malibu rd.  malibu  californian|1
pink's famous chili dogs  709 n. la brea ave.  la  hot dogs|pho hoa  642 broadway  chinatown  vietnamese|0
belvedere  the  9882 little santa monica blvd.  beverly hills  pacific new wave|parkway grill  510 s. arroyo pkwy.  pasadena  californian|0
montrachet  239 w. broadway  between walker and white sts.  new york  french|montrachet  239 w. broadway  new york city  french bistro|1
drai's  730 n. la cienega blvd.  los angeles  french|michael's (los angeles)  1147 third st.  santa monica  californian|0
darbar  44 w. 56th st.  new york city  indian|tommy's  2575 beverly blvd.  la  hamburgers|0
world wrapps  2257 chestnut st.  san francisco  american|sato sushi and thai  6050 peachtree pkwy.  norcross  atlanta  asian|0
jiraffe  502 santa monica blvd  santa monica  californian|world wrapps  2257 chestnut st.  san francisco  american|0
schatzi on main  3110 main st.  los angeles  continental|pleasant peasant  555 peachtree st.  at linden ave.  atlanta  american|0
hayes street grill  320 hayes st.  san francisco  seafood|buccaneer bay club  3300 las vegas blvd. s.  las vegas  continental|0
jan's family restaurant  8424 beverly blvd.  la  coffee shops|carey's  1021 cobb pkwy. se  marietta  hamburgers|0
colonnade restaurant  1879 cheshire bridge rd.  atlanta  southern|bally's big kitchen  3645 las vegas blvd. s  las vegas  buffets|0
johnny rockets (la)  7507 melrose ave.  la  american|sparks steak house  210 e. 46th st.  new york city  steakhouses|0
fiore rotisserie & grille  3700 w. flamingo rd.  las vegas  italian|nate 'n' al's  414 n. beverly dr.  los angeles  american|0
caffe dante  81 macdougal st.  between houston and bleeker sts.  new york  coffee bar|gabriela's  685 amsterdam ave. at 93rd st.  new york  mexican|0
stoyanof's cafe  1240 9th ave.  san francisco  greek and middle eastern|le soleil  133 clement st.  san francisco  asian|0
cafe fes  246 w. 4th st. at charles st.  new york  mediterranean|ruby's (la)  45 s. fair oaks ave.  pasadena  diners|0
fleur de jour  348 e. 62nd st.  new york  coffee bar|cafe la fortuna  69 w. 71st st.  new york  coffee bar|0
edison cafe  228 w. 47th st.  new york city  diners|le colonial  8783 beverly blvd.  los angeles  asian|0
boca chica  13 1st ave.  near 1st st.  new york  latin american|house of chan  2469 cobb pkwy.  smyrna  chinese|0
mad fish  2182 broadway  between 77th and 78th sts.  new york  seafood|slanted door  584 valencia st.  san francisco  vietnamese|0
nickiemoto's: a sushi bar  247 buckhead ave.  east village sq.  atlanta  fusion|south park cafe  108 south park  san francisco  french|0
planet hollywood  140 w. 57th st.  new york  american|acquarello  1722 sacramento st.  san francisco  italian|0
house of chan  2469 cobb pkwy.  smyrna  chinese|roosevelt tamale parlor  2817 24th st.  san francisco  mexican|0
pacific dining car  6th st.  los angeles  american|california culinary academy  625 polk st.  san francisco  french|0
pisces  95 ave. a at 6th st.  new york  seafood|pisces  95 ave. a  new york city  seafood|1
spring street natural restaurant & bar  62 spring st. at lafayette st.  new york  american|le central  453 bush st.  san francisco  french|0
two two two  222 w. 79th st.  new york  american|cha cha cha  656 n. virgil ave.  los angeles  caribbean|0
brent's deli  19565 parthenia ave.  northridge  delis|patria  250 park ave. s at 20th st.  new york  latin american|0
tra di noi  3835 cross creek rd.  los angeles  italian|indian delights  3675 satellite blvd.  duluth  indian|0
delectables  1 margaret mitchell sq.  atlanta  american|delectables  1 margaret mitchell sq.  atlanta  cafeterias|1
monte carlo  3145 las vegas blvd. s.  las vegas  french (new)|water grill  544 s. grand ave.  los angeles  seafood|0
coco pazzo  23 e. 74th st.  new york  italian|kyo-ya. sheraton palace hotel  2 new montgomery st.  at market st.  san francisco  asian|0
aqua  252 california st.  san francisco  seafood|aqua  252 california st.  san francisco  american (new)|1
manila garden  325 e. 14th st.  between 1st and 2nd aves.  new york  asian|cassis  3300 peachtree rd.  grand hyatt  atlanta  mediterranean|0
osteria al droge  142 w. 44th st.  new york  italian|bistro roti  155 steuart st.  san francisco  french|0
zab-e-lee  4837 old national hwy.  college park  thai|taiko  11677 san vicente blvd.  brentwood  noodle shops|0
smith & wollensky  201 e. 49th st.  new york  american|smith & wollensky  797 third ave.  new york city  steakhouses|1
cafe luxembourg  200 w. 70th st.  new york  french|c3  103 waverly pl.  near washington sq.  new york  american|0
parioli romanissimo  24 e. 81st st.  new york  italian|kiev  117 second ave.  new york city  ukrainian|0
grand cafe hotel monaco  501 geary st.  san francisco  american|follonico  6 w. 24th st.  new york  italian|0
four seasons grill room  99 e. 52nd st.  new york  american|four seasons  99 e. 52nd st.  new york city  american (new)|1
mario's bohemian cigar store cafe  2209 polk st.  san francisco  italian|main street  446 columbus ave.  between 81st and 82nd sts.  new york  american|0
la reserve  4 w. 49th st.  new york  french|indochine  430 lafayette st.  between 4th st. and astor pl.  new york  asian|0
bix  56 gold st.  san francisco  american|anthonys  3109 piedmont rd.  just south of peachtree rd.  atlanta  american|0
cafe  ritz-carlton  buckhead  3434 peachtree rd.  atlanta  ext 6108 international|ritz-carlton cafe (buckhead)  3434 peachtree rd. ne  atlanta  american (new)|1
l'auberge  1191 1st ave.  between 64th and 65th sts.  new york  middle eastern|harry denton's  161 steuart st.  san francisco  american|0
johnny rockets (at)  2970 cobb pkwy.  atlanta  american|bix  56 gold st.  san francisco  american|0
tang pavillion  65 w. 55th st.  new york  asian|jiraffe  502 santa monica blvd  santa monica  californian|0
jean lafitte  68 w. 58th st.  new york  french|morton's  551 5th ave. at 45th st.  new york  american|0
le colonial  8783 beverly blvd.  los angeles  asian|nicola  601 s. figueroa st.  los angeles  american|0
palm too  840 second ave.  new york city  steakhouses|marnee thai  2225 irving st.  san francisco  thai|0
corrado cafe  1013 3rd ave.  between 60th and 61st sts.  new york  coffee bar|hard rock cafe  221 w. 57th st.  new york  american|0
buca giovanni  800 greenwich st.  san francisco  italian|flying biscuit  the  1655 mclendon ave.  atlanta  eclectic|0
la mediterranee  288 noe st.  san francisco  mediterranean|cafe centro  200 park ave.  between 45th st. and vanderbilt ave.  new york  french|0
fringale  570 4th st.  san francisco  french|fringale  570 fourth st.  san francisco  french bistro|1
lucky strike  59 grand st.  between wooster st. and w. broadway  new york  or 212/941-0772 american|hollywood hills coffee shop  6145 franklin ave.  hollywood  coffee shops|0
ritz-carlton restaurant and dining room  600 stockton st.  san francisco  american|ritz-carlton dining room (san francisco)  600 stockton st.  san francisco  french (new)|1
ciboulette  1529 piedmont ave.  atlanta  french|ciboulette restaurant  1529 piedmont ave.  atlanta  french (new)|1
swan oyster depot  1517 polk st.  san francisco  seafood|persepolis  1423 2nd ave.  between 74th and 75th sts.  new york  middle eastern|0
roosevelt tamale parlor  2817 24th st.  san francisco  mexican|l'absinthe  227 e. 67th st.  new york  french|0
binion's coffee shop  128 fremont st.  las vegas  coffee shops/diners|harold's barbecue  171 mcdonough blvd.  atlanta  bbq|0
swingers  8020 beverly blvd.  los angeles  american|monkey bar  60 e. 54th st.  new york  american|0
palio d'asti  640 sacramento st.  san francisco  italian|mario's bohemian cigar store cafe  2209 polk st.  san francisco  italian|0
circus circus  2880 las vegas blvd. s  las vegas  buffets|sally's cafe & bakery  300 de haro st.  san francisco  american|0
lettuce souprise you (at)  3525 mall blvd.  duluth  cafeterias|lemongrass grill  61a seventh ave.  brooklyn  thai|0
shun lee west  43 w. 65th st.  new york  asian|shun lee palace  155 e. 55th st.  new york city  chinese|1
caffe greco  423 columbus ave.  san francisco  continental|luna si  1931 peachtree rd.  atlanta  continental|0
rj's the rib joint  252 n. beverly dr.  los angeles  american|thailand restaurant  106 bayard st.  new york city  thai|0
sea grill  19 w. 49th st.  new york  seafood|diaghilev  1020 n. san vicente blvd.  w. hollywood  russian|0
lemongrass grill  61a seventh ave.  brooklyn  thai|chiam  160 e. 48th st.  new york  asian|0
south of france  2345 cheshire bridge rd.  atlanta  french|rainbow restaurant  2118 n. decatur rd.  decatur  vegetarian|0
imperial fez  2285 peachtree rd.  peachtree battle condominium  atlanta  mediterranean|stringer's fish camp and oyster bar  3384 shallowford rd.  chamblee  atlanta  southern|0
lillie langtry's  129 e. fremont st.  las vegas  asian|michael's (las vegas)  3595 las vegas blvd. s.  las vegas  continental|0
bone's  3130 piedmont road  atlanta  american|bone's restaurant  3130 piedmont rd. ne  atlanta  steakhouses|1
dining room  9500 wilshire blvd.  los angeles  californian|arizona  206 206 e. 60th st.  new york  american|0
orso  322 w. 46th st.  new york  italian|judson grill  152 w. 52nd st.  new york  american|0
san francisco bbq  1328 18th st.  san francisco  thai|harbor village  4 embarcadero center  san francisco  asian|0
i trulli  122 e. 27th st.  between lexington and park aves.  new york  italian|bistango  1100 peachtree st.  atlanta  mediterranean|0
havana sandwich shop  2905 buford hwy.  atlanta  cuban|dining room  9500 wilshire blvd.  los angeles  californian|0
sofi  3rd st.  los angeles  mediterranean|moustache  405 atlantic ave.  brooklyn  middle eastern|0
buckhead diner  3073 piedmont road  atlanta  american|buckhead diner  3073 piedmont rd.  atlanta  american (new)|1
greenwood's  1087 green st.  roswell  southern/soul|manora  3226 mission st.  san francisco  asian|0
eric's chinese restaurant  1500 church st.  san francisco  chinese|sofi  3rd st.  los angeles  mediterranean|0
citrus  6703 melrose ave.  los angeles  californian|citrus  6703 melrose ave.  los angeles  californian|1
carey's corner  1215 powers ferry rd.  marietta  hamburgers|manhattan cafe  1161 1st ave.  between 63rd and 64th sts.  new york  american|0
gray's papaya  2090 broadway  new york city  hot dogs|tapika  950 8th ave. at 56th st.  new york  american|0
bally's big kitchen  3645 las vegas blvd. s  las vegas  buffets|mel's drive-in  3355 geary st.  san francisco  hamburgers|0
hedgerose heights inn  490 e. paces ferry rd.  atlanta  international|hedgerose heights inn  the  490 e. paces ferry rd. ne  atlanta  continental|1
ocean star  145 n. atlantic blvd.  monterey park  seafood|ambassador grill  1 united nations plaza at 44th st.  new york  american|0
macarthur park  607 front st.  san francisco  american|louise's trattoria  4500 los feliz blvd.  los angeles  italian|0
captain's table  860 2nd ave. at 46th st.  new york  seafood|thepin  298 gough st.  san francisco  asian|0
american place  2 park ave. at 32nd st.  new york  american|thelma's kitchen  764 marietta st. nw  atlanta  cafeterias|0
gladstone's  4 fish 17300 pacific coast hwy. at sunset blvd.  pacific palisades  american|hudson river club  4 world financial center  new york  american|0
abbey  163 ponce de leon ave.  atlanta  international|boca chica  13 1st ave.  near 1st st.  new york  latin american|0
la serenata de garibaldi  1842 e. first  st. boyle hts.  mexican/tex-mex|pamir  1065 1st ave.  at 58th st.  new york  middle eastern|0
uncle bill's pancake house  1305 highland ave.  manhattan beach  diners|oritalia  1915 fillmore st.  san francisco  italian|0
madame ching's  3300 las vegas blvd. s.  las vegas  asian|sushisay  38 e. 51st st.  new york city  japanese|0
north india  3131 webster st.  san francisco  asian|city grill  50 hurt plaza  atlanta  international|0
morton's  8764 melrose ave.  los angeles  american|hsu's gourmet  192 peachtree center ave.  at international blvd.  atlanta  asian|0
union square cafe  21 e. 16th st.  new york  american|union square cafe  21 e. 16th st.  new york city  american (new)|1
mifune japan center  kintetsu building  1737 post st.  san francisco  asian|mifune  1737 post st.  san francisco  japanese|1
new york kom tang soot bul house  32 w. 32nd st.  new york  asian|rib ranch  25 irby ave.  atlanta  barbecue|0
lespinasse  2 e. 55th st.  new york  american|lespinasse (new york city)  2 e. 55th st.  new york city  asian|1
sign of the dove  1110 3rd ave. at 65th st.  new york  american|sign of the dove  1110 third ave.  new york city  american (new)|1
aquavit  13 w. 54th st.  new york  continental|aquavit  13 w. 54th st.  new york city  scandinavian|1
pleasant peasant  555 peachtree st.  at linden ave.  atlanta  american|joe's  1023 abbot kinney blvd.  venice  american (new)|0
il mulino  86 w. third st.  new york city  italian|home  20 cornelia st.  between bleecker and w. 4th st.  new york  american|0
gabriela's  685 amsterdam ave. at 93rd st.  new york  mexican|hayes street grill  320 hayes st.  san francisco  seafood|0
martha's  22nd street grill 25 22nd  st. hermosa beach  american|bistro garden  176 n. canon dr.  los angeles  californian|0
the coffee pot  350 9th ave. at 49th st.  new york  coffee bar|coco loco  40  buckhead crossing mall on the sidney marcus blvd.  atlanta  caribbean|0
riviera  519 e. paces ferry rd.  atlanta  mediterranean|evergreen cafe  1288 1st ave. at 69th st.  new york  asian|0
chez melange  1716 pch  redondo beach  eclectic|sweet lady jane  8360 melrose ave.  la  desserts|0
ambassador grill  1 united nations plaza at 44th st.  new york  american|vong  200 e. 54th st.  new york  american|0
dottie's true blue cafe  522 jones st.  san francisco  diners|sylvia's  328 lenox ave.  new york city  southern/soul|0
baja fresh  3345 kimber dr.  westlake village  mexican|bruno  240 e. 58th st.  new york  italian|0
aureole  34 e. 61st st.  new york  american|aureole  34 e. 61st st.  new york city  american (new)|1
hotel bel-air  701 stone canyon rd.  bel air  californian|bel-air hotel  701 stone canyon rd.  bel air  californian|1
sushisay  38 e. 51st st.  new york city  japanese|campo santo  240 columbus ave.  san francisco  mexican|0
bertolini's  3570 las vegas blvd. s  las vegas  italian|benny's burritos  93 ave. a  new york city  mexican|0
sarabeth's kitchen  423 amsterdam ave.  between 80th and 81st sts.  new york  american|bistro  3400 las vegas blvd. s  las vegas  continental|0
french quarter food shop  923 peachtree st.  at 8th st.  atlanta  southern|johnny reb's southern smokehouse  4663 long beach blvd.  long beach  southern/soul|0
canoe  4199 paces ferry rd.  atlanta  american (new)|yama  122 e. 17th st.  new york city  japanese|0
hard rock cafe  8600 beverly blvd.  los angeles  american|9 jones street  9 jones st.  new york  american|0
fraunces tavern  54 pearl st. at broad st.  new york  american|szechuan hunan cottage  1588 york ave.  new york city  chinese|0
cafe flore  2298 market st.  san francisco  californian|broadway deli  3rd st. promenade  santa monica  american|0
cafe bizou  14016 ventura blvd.  sherman oaks  french|cafe bizou  14016 ventura blvd.  sherman oaks  french bistro|1
kelly's on trinity  333 bush st.  san francisco  californian|horseradish grill  4320 powers ferry rd.  atlanta  southern|0
betelnut  2030 union st.  san francisco  asian|hugo's cellar  202 e. fremont st.  las vegas  continental|0
mayflower cuisinier  4750 w. sahara ave.  las vegas  chinese|palm too  840 second ave.  new york city  steakhouses|0
zuni cafe & grill  1658 market st.  san francisco  mediterranean|madame ching's  3300 las vegas blvd. s.  las vegas  asian|0
t salon  143 mercer st. at prince st.  new york  coffee bar|canter's  419 n. fairfax ave.  los angeles  american|0
johnnie's pastrami  4017 s. sepulveda blvd.  culver city  delis|ocean star  145 n. atlantic blvd.  monterey park  seafood|0
boonthai  1393a 2nd ave.  between 72nd and 73rd sts.  new york  asian|capp's corner  1600 powell st.  san francisco  italian|0
le jardin  25 cleveland pl.  near spring st.  new york  french|south of france  2345 cheshire bridge rd.  atlanta  french|0
good enough to eat  483 amsterdam ave.  new york city  american|lincoln tavern  51 w. 64th st.  new york  american|0
l'absinthe  227 e. 67th st.  new york  french|patsy's pizza  19 old fulton st.  brooklyn  pizza|0
the palm  9001 santa monica blvd.  los angeles  american|palm  the (los angeles)  9001 santa monica blvd.  w. hollywood  steakhouses|1
trattoria dell'arte  900 7th ave.  between 56th and 57th sts.  new york  italian|ralph's diner  3000 las vegas blvd. s  las vegas  coffee shops/diners|0
stars cafe  500 van ness ave.  san francisco  american|sa tsu ki  3043 buford hwy.  atlanta  asian|0
patina  5955 melrose ave.  los angeles  californian|patina  5955 melrose ave.  los angeles  californian|1
le madri  168 w. 18th st.  new york  italian|uncle bill's pancake house  1305 highland ave.  manhattan beach  diners|0
bardelli's  243 o'farrell st.  san francisco  old san francisco|bill's place  2315 clement st.  san francisco  hamburgers|0
chopstix  4279 roswell rd.  atlanta  chinese|moose's  1652 stockton st.  san francisco  mediterranean|0
la grotta at ravinia dunwoody rd.  holiday inn/crowne plaza at ravinia  dunwoody  atlanta  italian|bobby & june's kountry kitchen  375 14th st.  atlanta  southern/soul|0
heera of india  595 piedmont ave.  rio shopping mall  atlanta  asian|heera of india  595 piedmont ave.  atlanta  indian|1
la salsa (la)  22800 pch  malibu  mexican|tommy tang's  7313 melrose ave.  los angeles  asian|0
pacifica  138 lafayette st.  between canal and howard sts.  new york  asian|ritz-carlton cafe (atlanta)  181 peachtree st.  atlanta  american (new)|0
vida  1930 north hillhurst ave.  los feliz  american|bertolini's  3570 las vegas blvd. s  las vegas  italian|0
jack's  615 sacramento st.  san francisco  old san francisco|clearwater cafe  168 w. colorado blvd.  los angeles  health food|0
zankou chicken  1415 e. colorado st.  glendale  middle eastern|ej's luncheonette  432 sixth ave.  new york city  diners|0
the savannah club  2420 broadway at 89th st.  new york  american|izzy's steak & chop house  3345 steiner st.  san francisco  steak houses|0
ebisu  1283 ninth ave.  san francisco  japanese|original pancake house (at)  4330 peachtree rd.  atlanta  american|0
dining room  ritz-carlton  buckhead  3434 peachtree rd.  atlanta  international|ritz-carlton dining room (buckhead)  3434 peachtree rd. ne  atlanta  american (new)|1
sal anthony's  55 irving pl.  new york  italian|rumpus  1 tillman pl.  san francisco  american|0
bolo  23 e. 22nd st.  new york  mediterranean|captain's table  860 2nd ave. at 46th st.  new york  seafood|0
gilliland's  2424 main st.  santa monica  american|fiore rotisserie & grille  3700 w. flamingo rd.  las vegas  italian|0
patsy's pizza  19 old fulton st.  brooklyn  pizza|thai house cafe  151 hudson st.  new york city  thai|0
le marais  150 w. 46th st.  new york  american|cypress club  500 jackson st.  san francisco  american|0
bar anise  1022 3rd ave.  between 60th and 61st sts.  new york  mediterranean|center stage plaza hotel  1 main st.  las vegas  american|0
evergreen cafe  1288 1st ave. at 69th st.  new york  asian|local nochol  30869 thousand oaks blvd.  westlake village  health food|0
ca'brea  346 s. la brea ave.  los angeles  italian|szechuan kitchen  1460 first ave.  new york city  chinese|0
bistro garden  176 n. canon dr.  los angeles  californian|zuni cafe & grill  1658 market st.  san francisco  mediterranean|0
mon kee seafood restaurant  679 n. spring st.  los angeles  asian|layla  211 w. broadway at franklin st.  new york  middle eastern|0
drago  2628 wilshire blvd.  santa monica  italian|kuleto's  221 powell st.  san francisco  italian|0
serendipity  3 225 e. 60th st.  new york  american|straits cafe  3300 geary blvd.  san francisco  asian|0
rose pistola  532 columbus ave.  san francisco  italian|rose pistola  532 columbus ave.  san francisco  italian|1
aja  937 broadway at 22nd st.  new york  american|docks  633 3rd ave. at 40th st.  new york  seafood|0
border grill  4th st.  los angeles  mexican|tortillas  774 ponce de leon ave. ne  atlanta  tex-mex|0
ocean avenue  1401 ocean ave.  santa monica  american|the coffee pot  350 9th ave. at 49th st.  new york  coffee bar|0
kyo-ya. sheraton palace hotel  2 new montgomery st.  at market st.  san francisco  asian|billy's  948 1st ave.  between 52nd and 53rd sts.  new york  american|0
la cote basque  60 w. 55th st.  between 5th and 6th ave.  new york  french|la cote basque  60 w. 55th st.  new york city  french (classic)|1
ocean park cafe  3117 ocean park blvd.  santa monica  american|soto  3330 piedmont rd.  atlanta  japanese|0
grill on the alley  9560 dayton way  los angeles  american|grill  the  9560 dayton way  beverly hills  american (traditional)|1
home  20 cornelia st.  between bleecker and w. 4th st.  new york  american|mani's bakery & espresso bar  519 s. fairfax ave.  la  desserts|0
one if by land  tibs  17 barrow st.  new york city  continental|palm  837 second ave.  new york city  steakhouses|0
louise's trattoria  4500 los feliz blvd.  los angeles  italian|cava  3rd st.  los angeles  mediterranean|0
stick to your ribs  5-16 51st ave.  queens  bbq|zankou chicken  1415 e. colorado st.  glendale  middle eastern|0
pho hoa  642 broadway  chinatown  vietnamese|mambo restaurante cubano  1402 n. highland ave.  atlanta  caribbean|0
straits cafe  3300 geary blvd.  san francisco  asian|l'udo  432 lafayette st.  near astor pl.  new york  french|0
vertigo  600 montgomery st.  san francisco  mediterranean|girafe  208 e. 58th st.  between 2nd and 3rd aves.  new york  italian|0
cafe la fortuna  69 w. 71st st.  new york  coffee bar|sant ambroeus  1000 madison ave.  between 77th and 78th sts.  new york  coffee bar|0
judson grill  152 w. 52nd st.  new york  american|swan oyster depot  1517 polk st.  san francisco  seafood|0
philippe's the original  1001 n. alameda st.  los angeles  american|philippe the original  1001 n. alameda st.  chinatown  cafeterias|1
buccaneer bay club  3300 las vegas blvd. s.  las vegas  continental|one market  1 market st.  san francisco  american|0
ej's luncheonette  432 sixth ave.  new york city  diners|mikado  3400 las vegas blvd. s  las vegas  asian|0
hollywood hills coffee shop  6145 franklin ave.  hollywood  coffee shops|fat matt's rib shack  1811 piedmont ave.  near cheshire bridge rd.  atlanta  barbecue|0
john's pizzeria  48 w. 65th st.  new york city  pizza|ct  111 e. 22nd st.  between park ave. s and lexington ave.  new york  french|0
anthonys  3109 piedmont rd.  just south of peachtree rd.  atlanta  american|trader vic's  9876 wilshire blvd.  los angeles  asian|0
valentino  3115 pico blvd.  santa monica  italian|valentino  3115 pico blvd.  santa monica  italian|1
maxwell's cafe  13329 washington blvd.  marina del rey  american|beesley's of buckhead  260 e. paces ferry road  atlanta  continental|0
cafe adriano  3347 fillmore st.  san francisco  italian|shiro  1505 mission st. s.  pasadena  pacific new wave|0
ca'del sol  4100 cahuenga blvd.  los angeles  italian|l'auberge du midi  310 w. 4th st.  between w. 12th and bank sts.  new york  french|0
mel's drive-in  3355 geary st.  san francisco  hamburgers|pinot hollywood  1448 n. gower st.  los angeles  californian|0
morton's of chicago (atlanta)  303 peachtree st. ne  atlanta  steakhouses|cafe flore  2298 market st.  san francisco  californian|0
tommy tang's  7313 melrose ave.  los angeles  asian|monte carlo  3145 las vegas blvd. s.  las vegas  french (new)|0
patria  250 park ave. s at 20th st.  new york  latin american|caffe lure  169 sullivan st.  between houston and bleecker sts.  new york  french|0
le colonial  149 e. 57th st.  new york  asian|roscoe's house of chicken 'n' waffles  1514 n. gower st.  los angeles  american|0
camille's  1186 n. highland ave.  atlanta  italian|golden nugget hotel  129 e. fremont st.  las vegas  buffets|0
carnival world  3700 w. flamingo rd.  las vegas  buffets|l'auberge  1191 1st ave.  between 64th and 65th sts.  new york  middle eastern|0
duke's  8909 sunset blvd.  w. hollywood  coffee shops|tavola calda  7371 melrose ave.  los angeles  italian|0
trio cafe  1870 fillmore st.  san francisco  american|marnie's noodle shop  466 hudson st.  new york city  asian|0
tapika  950 8th ave. at 56th st.  new york  american|matthew's  1030 3rd ave. at 61st st.  new york  american|0
marichu  342 e. 46th st.  between 1st and 2nd aves.  new york  french|caffe vivaldi  32 jones st. at bleecker st.  new york  coffee bar|0
bamboo garden  4850 flamingo rd.  las vegas  asian|don antonio's  1136 westwood blvd.  westwood  italian|0
baker's cajun cafe  1134 euclid ave.  atlanta  cajun/creole|yank sing  427 battery st.  san francisco  asian|0
la grotta  2637 peachtree rd.  peachtree house condominium  atlanta  italian|la grotta  2637 peachtree rd. ne  atlanta  italian|1
elias corner  24-02 31st st.  queens  greek|mulberry st.  17040 ventura blvd.  encino  pizza|0
thailand restaurant  106 bayard st.  new york city  thai|la caridad  2199 broadway  new york city  cuban|0
bistro  3400 las vegas blvd. s  las vegas  continental|cafe '50s  838 lincoln blvd.  venice  american|0
battista's hole in the wall  4041 audrie st. at flamingo rd.  las vegas  italian|katia's  600 5th ave.  san francisco  |0
caffe dell'artista  46 greenwich ave.  new york  coffee bar|nuevo laredo cantina  1495 chattahoochee ave. nw  atlanta  mexican|0
veniero's pasticceria  342 e. 11th st.  near 1st ave.  new york  coffee bar|rj's the rib joint  252 n. beverly dr.  los angeles  american|0
mi cocina  57 jane st.  off hudson st.  new york  mexican|mi cocina  57 jane st.  new york city  mexican|1
mo's burgers  1322 grant st.  san francisco  hamburgers|the bacchanal  3570 las vegas blvd. s  las vegas  only in las vegas|0
les halles  411 park ave. s  between 28th and 29th sts.  new york  french|tse yang  34 e. 51st st.  new york  asian|0
capsouto freres  451 washington st.  near watts st.  new york  french|afghan kebab house  764 ninth ave.  new york city  afghan|0
san domenico  240 central park s  new york  italian|san domenico  240 central park s.  new york city  italian|1
menchanko-tei  39 w. 55th st.  new york city  japanese|red tulip  439 e. 75th st.  new york  eastern european|0
kiev  117 second ave.  new york city  ukrainian|johnny rockets (la)  7507 melrose ave.  la  american|0
popover cafe  551 amsterdam ave.  between 86th and 87th sts.  new york  american|doidge's  2217 union st.  san francisco  american|0
campo santo  240 columbus ave.  san francisco  mexican|buzio's in the rio  3700 w. flamingo rd.  las vegas  seafood|0
rainbow restaurant  2118 n. decatur rd.  decatur  vegetarian|chez melange  1716 pch  redondo beach  eclectic|0
toulouse  b peachtree rd.  atlanta  french|toulouse  293-b peachtree rd.  atlanta  french (new)|1
second avenue deli  156 2nd ave. at 10th st.  new york  delicatessen|second avenue deli  156 second ave.  new york city  delis|1
suppenkuche  601 hayes st.  san francisco  russian/german|emily's  1325 5th ave. at 111th st.  new york  american|0
ct  111 e. 22nd st.  between park ave. s and lexington ave.  new york  french|frijoleros  1031 peachtree st. ne  atlanta  tex-mex|0
ruby's (la)  45 s. fair oaks ave.  pasadena  diners|mayflower cuisinier  4750 w. sahara ave.  las vegas  chinese|0
cassell's  3266 w. sixth st.  la  hamburgers|yolie's  3900 paradise rd.  las vegas  steak houses|0
cupcake cafe  522 9th ave. at 39th st.  new york  coffee bar|remi  145 w. 53rd st.  new york  italian|0
mccormick & kuleto's  ghirardelli sq.  san francisco  seafood|lowcountry barbecue  6301 roswell rd.  sandy springs plaza  sandy springs  atlanta  barbecue|0
broiler  4111 boulder hwy.  las vegas  american|johnnie's pastrami  4017 s. sepulveda blvd.  culver city  delis|0
dante's down the hatch  underground underground mall  underground atlanta  atlanta  continental|t salon  143 mercer st. at prince st.  new york  coffee bar|0
wu kong  101 spear st.  san francisco  asian|maxwell's cafe  13329 washington blvd.  marina del rey  american|0
clearwater cafe  168 w. colorado blvd.  los angeles  health food|stick to your ribs  5-16 51st ave.  queens  bbq|0
rib ranch  25 irby ave.  atlanta  barbecue|lombardi's  32 spring st.  new york city  pizza|0
hyde street bistro  1521 hyde st.  san francisco  italian|chopstix  4279 roswell rd.  atlanta  chinese|0
kalo's coffee house  1248 clairmont rd.  decatur  coffeehouses|bar anise  1022 3rd ave.  between 60th and 61st sts.  new york  mediterranean|0
chin's  3200 las vegas blvd. s  las vegas  asian|chin's  3200 las vegas blvd. s.  las vegas  chinese|1
harris'  2100 van ness ave.  san francisco  steak houses|french roast  458 6th ave. at 11th st.  new york  french|0
harry denton's  161 steuart st.  san francisco  american|canoe  4199 paces ferry rd.  atlanta  american (new)|0
bertolini's  3500 peachtree rd.  phipps plaza  atlanta  italian|golden unicorn  18 e. broadway at catherine st.  new york  asian|0
park avenue cafe  100 e. 63rd st.  new york  american|park avenue cafe (new york city)  100 e. 63rd st.  new york city  american (new)|1
izzy's steak & chop house  3345 steiner st.  san francisco  steak houses|ben benson's  123 w. 52nd st.  new york  american|0
bouterin  420 e. 59th st.  off 1st ave.  new york  french|cafe sunflower  5975 roswell rd.  atlanta  health food|0
nikolai's roof  255 courtland st.  at harris st.  atlanta  continental|nikolai's roof  255 courtland st.  atlanta  continental|1
xunta  174 1st ave.  between 10th and 11th sts.  new york  mediterranean|vertigo  600 montgomery st.  san francisco  mediterranean|0
tommy's  2575 beverly blvd.  la  hamburgers|kalo's coffee house  1248 clairmont rd.  decatur  coffeehouses|0
pomaire  371 w. 46th st.  off 9th ave.  new york  latin american|fifty seven fifty seven  57 e. 57th st.  new york  american|0
grand ticino  228 thompson st.  between w. 3rd and bleecker sts.  new york  italian|san pietro  18 e. 54th st.  new york  italian|0
dean & deluca  121 prince st.  new york  coffee bar|my thai  1248 clairmont rd.  atlanta  thai|0
dive!  10250 santa monica blvd.  los angeles  dive american|kabuto sushi  5116 geary blvd.  san francisco  asian|0
vivande ristorante  670 golden gate ave.  san francisco  italian|harry's bar & american grill  2020 ave. of the stars  los angeles  italian|0
cafe roma  3570 las vegas blvd. s  las vegas  coffee shops/diners|gray's papaya  2090 broadway  new york city  hot dogs|0
sweet'n'tart cafe  76 mott st. at canal st.  new york  asian|north india  3131 webster st.  san francisco  asian|0
le montrachet  3000 w. paradise rd.  las vegas  continental|le montrachet bistro  3000 paradise rd.  las vegas  french bistro|1
tomtom  3393 peachtree rd.  atlanta  continental|border grill  4th st.  los angeles  mexican|0
bistro roti  155 steuart st.  san francisco  french|falafel king  1059 broxton ave.  westwood  middle eastern|0
hong kong flower lounge  5322 geary blvd.  san francisco  asian|wu kong  101 spear st.  san francisco  asian|0
daniel  20 e. 76th st.  new york  french|daniel  20 e. 76th st.  new york city  french (new)|1
le chantilly  106 e. 57th st.  new york  french|trois jean  154 e. 79th st.  between lexington and 3rd aves.  new york  coffee bar|0
felidia  243 e. 58th st.  new york  italian|felidia  243 e. 58th st.  new york city  italian|1
fifty seven fifty seven  57 e. 57th st.  new york  american|dive!  10250 santa monica blvd.  los angeles  dive american|0
arturo's  106 w. houston st.  off thompson st.  new york  italian|brookhaven cafe  4274 peachtree rd.  atlanta  vegetarian|0
le central  453 bush st.  san francisco  french|le perigord  405 e. 52nd st.  new york  french|0
cafe '50s  838 lincoln blvd.  venice  american|nava  3060 peachtree rd.  atlanta  southwestern|0
matthew's  1030 3rd ave. at 61st st.  new york  american|stage deli  834 7th ave.  between 53rd and 54th sts.  new york  delicatessen|0
la cumbre  515 valencia st.  san francisco  mexican|hong kong flower lounge  5322 geary blvd.  san francisco  asian|0
bistro 45  45 s. mentor ave.  pasadena  californian|brothers bar-b-q  225 varick st. at clarkston st.  new york  american|0
paty's  10001 riverside dr.  toluca lake  american|dottie's true blue cafe  522 jones st.  san francisco  diners|0
san pietro  18 e. 54th st.  new york  italian|spago (las vegas)  3500 las vegas blvd. s.  las vegas  californian|0
nobu  105 hudson st.  new york city  japanese|atlanta fish market  265 pharr rd.  atlanta  american|0
hamburger mary's  1582 folsom st.  san francisco  hamburgers|cafe botanica  160 central park s  new york  french|0
dusit thai  3221 mission st.  san francisco  thai|milan cafe and coffee bar  120 w. 23rd st.  new york  coffee bar|0
khan toke thai house  5937 geary blvd.  san francisco  asian|khan toke thai house  5937 geary blvd.  san francisco  thai|1
caffe bondi ristorante  7 w. 20th st.  new york  italian|imperial fez  2285 peachtree rd.  peachtree battle condominium  atlanta  mediterranean|0
slanted door  584 valencia st.  san francisco  vietnamese|faz  161 sutter st.  san francisco  greek and middle eastern|0
mani's bakery & espresso bar  519 s. fairfax ave.  la  desserts|bistro  the  56 e. andrews dr. nw  atlanta  french bistro|0
yank sing  427 battery st.  san francisco  asian|morton's of chicago (las vegas)  3200 las vegas blvd. s.  las vegas  steakhouses|0
thepin  298 gough st.  san francisco  asian|seventh regiment mess and bar  643 park ave. at 66th st.  new york  american|0
ferrier  29 e. 65th st.  new york  french|viva mercado's  6182 w. flamingo rd.  las vegas  mexican|0
diaghilev  1020 n. san vicente blvd.  w. hollywood  russian|south city kitchen  1144 crescent ave.  atlanta  southern|0
alain rondelli  126 clement st.  san francisco  french|alain rondelli  126 clement st.  san francisco  french (new)|1
newsbar  2 w. 19th st.  new york  coffee bar|grand ticino  228 thompson st.  between w. 3rd and bleecker sts.  new york  italian|0
picholine  35 w. 64th st.  new york  mediterranean|picholine  35 w. 64th st.  new york city  mediterranean|1
yolie's  3900 paradise rd.  las vegas  steak houses|rosa mexicano  1063 1st ave. at 58th st.  new york  mexican|0
plumpjack cafe  3201 fillmore st.  san francisco  mediterranean|plumpjack cafe  3127 fillmore st.  san francisco  american (new)|1
bradshaw's restaurant  2911 s. pharr court  atlanta  southern/soul|peter luger steak house  178 broadway  brooklyn  steakhouses|0
mulberry st.  17040 ventura blvd.  encino  pizza|pane e vino  3011 steiner st.  san francisco  italian|0
moustache  405 atlantic ave.  brooklyn  middle eastern|gilliland's  2424 main st.  santa monica  american|0
cendrillon asian grill & marimba bar  45 mercer st.  between broome and grand sts.  new york  asian|tre visi  3799 las vegas blvd. s.  las vegas  italian|0
gianni's  15 fulton st.  new york  seafood|helmand  430 broadway  san francisco  greek and middle eastern|0
virgil's  152 w. 44th st.  new york  american|virgil's real bbq  152 w. 44th st.  new york city  bbq|1
eclipse  8800 melrose ave.  los angeles  californian|lettuce souprise you (at)  3525 mall blvd.  duluth  cafeterias|0
splendido embarcadero  4  san francisco  mediterranean|west  63rd street steakhouse 44 w. 63rd st.  new york  american|0
bugsy's diner  3555 las vegas blvd. s  las vegas  coffee shops/diners|mad fish  2182 broadway  between 77th and 78th sts.  new york  seafood|0
palisades  1829 peachtree rd.  atlanta  continental|poquito mas  2635 w. olive ave.  burbank  mexican|0
mikado  3400 las vegas blvd. s  las vegas  asian|drai's  730 n. la cienega blvd.  los angeles  french|0
west  63rd street steakhouse 44 w. 63rd st.  new york  american|halcyon  151 w. 54th st.  in the rihga royal hotel  new york  american|0
cassis  3300 peachtree rd.  grand hyatt  atlanta  mediterranean|cafe roma  3570 las vegas blvd. s  las vegas  coffee shops/diners|0
maykadeh  470 green st.  san francisco  greek and middle eastern|cupcake cafe  522 9th ave. at 39th st.  new york  coffee bar|0
prego  362 n. camden dr.  los angeles  italian|stingray  428 amsterdam ave.  between 80th and 81st sts.  new york  seafood|0
thai house cafe  151 hudson st.  new york city  thai|dynasty room  930 hilgard ave.  los angeles  continental|0
barbetta  321 w. 46th st.  new york  italian|american place  2 park ave. at 32nd st.  new york  american|0
nava  3060 peachtree rd.  atlanta  southwestern|el cholo  1121 s. western ave.  los angeles  mexican|0
harry's bar & american grill  2020 ave. of the stars  los angeles  italian|one if by land  tibs  17 barrow st.  new york city  continental|0
restaurant katsu  1972 n. hillhurst ave.  los angeles  asian|katsu  1972 hillhurst ave.  los feliz  japanese|1
harbor village  4 embarcadero center  san francisco  asian|internet cafe  82 e. 3rd st.  between 1st and 2nd aves.  new york  coffee bar|0
monsoon (ny)  435 amsterdam ave.  new york city  thai|greenwood's  1087 green st.  roswell  southern/soul|0
anche vivolo  222 e. 58th st.  between 2nd and 3rd aves.  new york  italian|mandarin court  1510 e. flamingo rd.  las vegas  asian|0
carta  1772 market st.  san francisco  american|zen palate  34 union sq. e at 16th st.  new york  and 212/614-9345 asian|0
jimmy sung's  219 e. 44th st.  between 2nd and 3rd aves.  new york  asian|osteria al droge  142 w. 44th st.  new york  italian|0
spago (las vegas)  3500 las vegas blvd. s.  las vegas  californian|gumbo pot  the  6333 w. third st.  la  cajun/creole|0
broadway deli  3rd st. promenade  santa monica  american|jean lafitte  68 w. 58th st.  new york  french|0
chinois on main  2709 main st.  santa monica  french|chinois on main  2709 main st.  santa monica  pacific new wave|1
wa-ha-ka oaxaca mexican grill  2141 polk st.  san francisco  mexican|l'osteria del forno  519 columbus ave.  san francisco  italian|0
trois jean  154 e. 79th st.  between lexington and 3rd aves.  new york  coffee bar|westside cottage  689 ninth ave.  new york city  chinese|0
yoyo tsumami bistro  1611 post st.  san francisco  french|sanppo  1702 post st.  san francisco  asian|0
langer's  704 s. alvarado st.  la  delis|hong kong villa  2332 clement st.  san francisco  asian|0
viva mercado's  6182 w. flamingo rd.  las vegas  mexican|jack's  615 sacramento st.  san francisco  old san francisco|0
water grill  544 s. grand ave.  los angeles  seafood|menchanko-tei  39 w. 55th st.  new york city  japanese|0
remi  3rd st. promenade  santa monica  italian|macarthur park  607 front st.  san francisco  american|0
r&g lounge  631 b kearny st.  san francisco  or 415/982-3811 asian|original pantry bakery  875 s. figueroa st. downtown  la  diners|0
pane e vino  3011 steiner st.  san francisco  italian|mon kee seafood restaurant  679 n. spring st.  los angeles  asian|0
zoe  90 prince st.  between broadway and mercer st.  new york  american|ed debevic's  134 n. la cienega  los angeles  american|0
hsu's gourmet  192 peachtree center ave.  at international blvd.  atlanta  asian|diva  341 w. broadway  near grand st.  new york  italian|0
fiorello's roman cafe  1900 broadway  between 63rd and 64th sts.  new york  italian|cafe bianco  1486 2nd ave.  between 77th and 78th sts.  new york  coffee bar|0
phnom penh cambodian restaurant  631 larkin st.  san francisco  cambodian|martha's  22nd street grill 25 22nd  st. hermosa beach  american|0
post house  28 e. 63rd st.  new york  american|sal anthony's  55 irving pl.  new york  italian|0
milan cafe and coffee bar  120 w. 23rd st.  new york  coffee bar|yaya cuisine  1220 9th ave.  san francisco  greek and middle eastern|0
masa's  648 bush st.  san francisco  french|masa's  648 bush st.  san francisco  french (new)|1
hudson river club  4 world financial center  new york  american|le select  507 columbus ave.  between 84th and 85th sts.  new york  american|0
joe allen  326 w. 46th st.  new york  american|corrado cafe  1013 3rd ave.  between 60th and 61st sts.  new york  coffee bar|0
buzio's in the rio  3700 w. flamingo rd.  las vegas  seafood|new york noodletown  28 1/2 bowery at bayard st.  new york  asian|0
yama  122 e. 17th st.  new york city  japanese|koo koo roo  8393 w. beverly blvd.  la  chicken|0
chops  70 w. paces ferry rd.  atlanta  steakhouses|newsbar  2 w. 19th st.  new york  coffee bar|0
20 mott  20 mott st.  between bowery and pell st.  new york  asian|yoyo tsumami bistro  1611 post st.  san francisco  french|0
pacific pan pacific hotel  500 post st.  san francisco  french|zab-e-lee  4837 old national hwy.  college park  thai|0
spago  1114 horn ave.  los angeles  californian|spago (los angeles)  8795 sunset blvd.  w. hollywood  californian|1
la caravelle  33 w. 55th st.  new york  french|la caravelle  33 w. 55th st.  new york city  french (classic)|1
steakhouse  the  128 e. fremont st.  las vegas  steakhouses|bertolini's  3500 peachtree rd.  phipps plaza  atlanta  italian|0
java jive  790 ponce de leon ave.  atlanta  coffee shops|match  160 mercer st.  between houston and prince sts.  new york  american|0
mishima  8474 w. third st.  la  noodle shops|otabe  68 e. 56th st.  new york  asian|0
michael's (los angeles)  1147 third st.  santa monica  californian|joe allen  326 w. 46th st.  new york  american|0
bill's place  2315 clement st.  san francisco  hamburgers|flowers  21 west 17th st.  between 5th and 6th aves.  new york  american|0
rainbow room  30 rockefeller plaza  new york  or 212/632-5100 american|rainbow room  30 rockefeller plaza  new york city  american (new)|1
van gogh's restaurant & bar  70 w. crossville rd.  roswell  american (new)|la reserve  4 w. 49th st.  new york  french|0
white house restaurant  3172 peachtree rd. ne  atlanta  diners|dean & deluca  121 prince st.  new york  coffee bar|0
bistango  1100 peachtree st.  atlanta  mediterranean|rubicon  558 sacramento st.  san francisco  american|0
cafe centro  200 park ave.  between 45th st. and vanderbilt ave.  new york  french|parioli romanissimo  24 e. 81st st.  new york  italian|0
frico bar  402 w. 43rd st.  off 9th ave.  new york  italian|boonthai  1393a 2nd ave.  between 72nd and 73rd sts.  new york  asian|0
dix et sept  181 w. 10th st.  new york  french|verbena  54 irving pl. at 17th st.  new york  american|0
campton place  340 stockton st.  san francisco  american|campton place  340 stockton st.  san francisco  american (new)|1
margarita's mexican cantina  3120 las vegas blvd. s  las vegas  mexican|au mandarin  200-250 vesey st. world financial center  new york  asian|0
indochine  430 lafayette st.  between 4th st. and astor pl.  new york  asian|kelly's on trinity  333 bush st.  san francisco  californian|0
beesley's of buckhead  260 e. paces ferry road  atlanta  continental|darbar  44 w. 56th st.  new york city  indian|0
lulu  816 folsom st.  san francisco  mediterranean|lulu restaurant-bis-cafe  816 folsom st.  san francisco  mediterranean|1
gumbo pot  the  6333 w. third st.  la  cajun/creole|abbey  163 ponce de leon ave.  atlanta  international|0
wollensky's grill  205 e. 49th st.  new york city  steakhouses|emerald garden restaurant  1550 california st.  san francisco  vietnamese|0
aleck's barbecue heaven  783 martin luther king jr. dr.  atlanta  barbecue|betelnut  2030 union st.  san francisco  asian|0
west beach cafe  60 n. venice blvd.  los angeles  american|ca'del sol  4100 cahuenga blvd.  los angeles  italian|0
doidge's  2217 union st.  san francisco  american|il fornaio cucina italiana  301 n. beverly dr.  los angeles  italian|0
teresa's  80 montague st.  queens  polish|odeon  145 w. broadway at thomas st.  new york  american|0
indian delights  3675 satellite blvd.  duluth  indian|vince & eddie's  70 w. 68th st.  new york  american|0
fishin eddie  73 w. 71st st.  new york  seafood|hard rock cafe  8600 beverly blvd.  los angeles  american|0
sundown cafe  2165 cheshire bridge rd.  atlanta  american|sofia fabulous pizza  1022 madison ave.  near 79th st.  new york  italian|0
persepolis  1423 2nd ave.  between 74th and 75th sts.  new york  middle eastern|venetian  3713 w. sahara ave.  las vegas  italian|0
moose's  1652 stockton st.  san francisco  mediterranean|lattanzi ristorante  361 w. 46th st.  new york  italian|0
sofia fabulous pizza  1022 madison ave.  near 79th st.  new york  italian|barney greengrass  9570 wilshire blvd.  beverly hills  american|0
pano's and paul's  1232 w. paces ferry rd.  atlanta  international|pano's & paul's  1232 w. paces ferry rd.  atlanta  american (new)|1
first  87 1st ave.  between 5th and 6th sts.  new york  american|lola  30 west 22nd st.  between 5th and 6th ave.  new york  american|0
cafe des artistes  1 w. 67th st.  new york  continental|cafe des artistes  1 w. 67th st.  new york city  french (classic)|1
firehouse  522 columbus ave.  between 85th and 86th sts.  new york  american|first  87 1st ave.  between 5th and 6th sts.  new york  american|0
chan dara  310 n. larchmont blvd.  los angeles  asian|splendido embarcadero  4  san francisco  mediterranean|0
docks  633 3rd ave. at 40th st.  new york  seafood|steakhouse  the  128 e. fremont st.  las vegas  steakhouses|0
morton's of chicago (las vegas)  3200 las vegas blvd. s.  las vegas  steakhouses|gallagher's  228 w. 52nd st.  new york  american|0
lombardi's  32 spring st.  new york city  pizza|stars  150 redwood alley  san francisco  american|0
lanza restaurant  168 1st ave.  between 10th and 11th sts.  new york  italian|hi-life restaurant and lounge  1340 1st ave. at 72nd st.  new york  american|0
stingray  428 amsterdam ave.  between 80th and 81st sts.  new york  seafood|rae's  2901 pico blvd.  santa monica  diners|0
gallagher's  228 w. 52nd st.  new york  american|sea grill  19 w. 49th st.  new york  seafood|0
mesa grill  102 5th ave.  between 15th and 16th sts.  new york  american|mesa grill  102 fifth ave.  new york city  southwestern|1
dawat  210 e. 58th st.  new york  asian|dawat  210 e. 58th st.  new york city  indian|1
la taqueria  2889 mission st.  san francisco  mexican|palisades  1829 peachtree rd.  atlanta  continental|0
original pancake house (at)  4330 peachtree rd.  atlanta  american|piero's restaurant  355 convention center dr.  las vegas  italian|0
global  33 93 2nd ave.  between 5th and 6th sts.  new york  american|fujiyama mama  467 columbus ave.  between 82nd and 83rd sts.  new york  asian|0
sweet lady jane  8360 melrose ave.  la  desserts|caffe dell'artista  46 greenwich ave.  new york  coffee bar|0
caffe vivaldi  32 jones st. at bleecker st.  new york  coffee bar|fleur de jour  348 e. 62nd st.  new york  coffee bar|0
bistro  the  56 e. andrews dr. nw  atlanta  french bistro|les halles  411 park ave. s  between 28th and 29th sts.  new york  french|0
california culinary academy  625 polk st.  san francisco  french|carnival world  3700 w. flamingo rd.  las vegas  buffets|0
cafe marimba  2317 chestnut st.  san francisco  mexican/latin american/spanish|main course  the  10509 w. pico blvd.  rancho park  american|0
benita's frites  1433 third st. promenade  santa monica  fast food|mary's diner  5111 w. boulder hwy.  las vegas  coffee shops/diners|0
main course  the  10509 w. pico blvd.  rancho park  american|tribeca grill  375 greenwich st.  near franklin st.  new york  american|0
mitali east-west  296 bleecker st.  new york city  indian|bizou  598 fourth st.  san francisco  french|0
casa la femme  150 wooster st.  between houston and prince sts.  new york  middle eastern|golden steer  308 w. sahara ave.  las vegas  steak houses|0
tortillas  774 ponce de leon ave. ne  atlanta  tex-mex|mishima  8474 w. third st.  la  noodle shops|0
mi spia dunwoody rd.  park place  across from perimeter mall  dunwoody  atlanta  italian|havana sandwich shop  2905 buford hwy.  atlanta  cuban|0
stars  150 redwood alley  san francisco  american|dante's down the hatch  buckhead  3380 peachtree rd.  atlanta  continental|0
petrossian  182 w. 58th st.  new york  french|petrossian  182 w. 58th st.  new york city  russian|1
r.j.'s uptown kitchen & wine bar  870 n. highland ave.  atlanta  american|mitali east-west  296 bleecker st.  new york city  indian|0
manhattan cafe  1161 1st ave.  between 63rd and 64th sts.  new york  american|edison cafe  228 w. 47th st.  new york city  diners|0
cafe sunflower  5975 roswell rd.  atlanta  health food|cafe michelle  1350 e. flamingo rd.  las vegas  american|0
cafe blanc  9777 little santa monica blvd.  beverly hills  pacific new wave|drago  2628 wilshire blvd.  santa monica  italian|0
cha cha cha's  1805 haight st.  san francisco  caribbean|caffe roma  385 broome st. at mulberry  new york  coffee bar|0
yujean kang's gourmet chinese cuisine  67 n. raymond ave.  los angeles  asian|yujean kang's  67 n. raymond ave.  pasadena  chinese|1
manora  3226 mission st.  san francisco  asian|le colonial  149 e. 57th st.  new york  asian|0
tavola calda  7371 melrose ave.  los angeles  italian|cafe pinot  700 w. fifth st.  los angeles  californian|0
uncle nick's  747 9th ave.  between 50th and 51st sts.  new york  mediterranean|uncle nick's  747 ninth ave.  new york city  greek|1
arizona  206 206 e. 60th st.  new york  american|riviera  519 e. paces ferry rd.  atlanta  mediterranean|0
barbecue kitchen  1437 virginia ave.  atlanta  bbq|vida  1930 north hillhurst ave.  los feliz  american|0
art's delicatessen  12224 ventura blvd.  studio city  american|art's deli  12224 ventura blvd.  studio city  delis|1
atlanta fish market  265 pharr rd.  atlanta  american|van gogh's restaurant & bar  70 w. crossville rd.  roswell  american (new)|0
nate 'n' al's  414 n. beverly dr.  los angeles  american|dix et sept  181 w. 10th st.  new york  french|0
horseradish grill  4320 powers ferry rd.  atlanta  southern|feast from the east  1949 westwood blvd.  west la  chinese|0
triangolo  345 e. 83rd st.  new york  italian|mavalli palace  46 e. 29th st.  new york  asian|0
kelley & ping  127 greene st.  new york city  pan-asian|inca grill  492 broome st.  near w. broadway  new york  latin american|0
bacchanalia  3125 piedmont rd.  near peachtree rd.  atlanta  international|bacchanalia  3125 piedmont rd.  atlanta  californian|1
lutece  249 e. 50th st.  new york  french|lutece  249 e. 50th st.  new york city  french (classic)|1
rex il ristorante  617 s. olive st.  los angeles  italian|rex il ristorante  617 s. olive st.  los angeles  nuova cucina italian|1
mary mac's tea room  224 ponce de leon ave.  atlanta  southern|mary mac's tea room  224 ponce de leon ave.  atlanta  southern/soul|1
le select  507 columbus ave.  between 84th and 85th sts.  new york  american|pacific dining car  6th st.  los angeles  american|0
posto  14928 ventura blvd.  sherman oaks  italian|apple pan  the  10801 w. pico blvd.  west la  american|0
benny's burritos  93 ave. a  new york city  mexican|cucina di pesce  87 e. fourth st.  new york city  seafood|0
lola  30 west 22nd st.  between 5th and 6th ave.  new york  american|brent's deli  19565 parthenia ave.  northridge  delis|0
internet cafe  82 e. 3rd st.  between 1st and 2nd aves.  new york  coffee bar|caffe greco  423 columbus ave.  san francisco  continental|0
fat matt's rib shack  1811 piedmont ave.  near cheshire bridge rd.  atlanta  barbecue|oyster bar  lower level  new york city  seafood|0
tillerman  2245 e. flamingo rd.  las vegas  seafood|tillerman  the  2245 e. flamingo rd.  las vegas  steakhouses|1
sato sushi and thai  6050 peachtree pkwy.  norcross  atlanta  asian|cafe marimba  2317 chestnut st.  san francisco  mexican/latin american/spanish|0
falafel king  1059 broxton ave.  westwood  middle eastern|la grenouille  3 e. 52nd st.  new york city  french (classic)|0
chevys  4th and howard sts.  san francisco  mexican/latin american/spanish|john o'groats  10516 w. pico blvd.  west la  coffee shops|0
zarela  953 second ave.  new york city  mexican|ebisu  1283 ninth ave.  san francisco  japanese|0
jody maroni's sausage kingdom  2011 ocean front walk  venice  hot dogs|lillie langtry's  129 e. fremont st.  las vegas  asian|0
emily's  1325 5th ave. at 111th st.  new york  american|vicolo pizzeria  201 ivy st.  san francisco  pizza|0
campanile  624 s. la brea ave.  los angeles  american|campanile  624 s. la brea ave.  los angeles  californian|1
cafe pierre  2 e. 61st st.  new york  french|the heights  3235 sacramento st.  san francisco  french|0
indo cafe  10428 1/2 national blvd.  la  indonesian|nickiemoto's: a sushi bar  247 buckhead ave.  east village sq.  atlanta  fusion|0
oceana  55 e. 54th st.  new york  seafood|oceana  55 e. 54th st.  new york city  seafood|1
pricci  500 pharr rd.  atlanta  italian|teresa's  80 montague st.  queens  polish|0
sanppo  1702 post st.  san francisco  asian|republic  37a union sq. w  between 16th and 17th sts.  new york  asian|0
il fornaio levi's plaza  1265 battery st.  san francisco  italian|zoe  90 prince st.  between broadway and mercer st.  new york  american|0
tribeca grill  375 greenwich st.  near franklin st.  new york  american|the savannah club  2420 broadway at 89th st.  new york  american|0
deacon burton's soulfood restaurant  1029 edgewood ave. se  atlanta  southern/soul|ruth's chris steak house (los angeles)  224 s. beverly dr.  beverly hills  steakhouses|0
taiko  11677 san vicente blvd.  brentwood  noodle shops|la mediterranee  288 noe st.  san francisco  mediterranean|0
kabuto sushi  5116 geary blvd.  san francisco  asian|belvedere  the  9882 little santa monica blvd.  beverly hills  pacific new wave|0
nuevo laredo cantina  1495 chattahoochee ave. nw  atlanta  mexican|tu lan  8 sixth st.  san francisco  vietnamese|0
bruno  240 e. 58th st.  new york  italian|cassell's  3266 w. sixth st.  la  hamburgers|0
frijoleros  1031 peachtree st. ne  atlanta  tex-mex|garden court  market and new montgomery sts.  san francisco  old san francisco|0
ipanema  13 w. 46th st.  new york  latin american|empire korea  6 e. 32nd st.  new york  asian|0
tadich grill  240 california st.  san francisco  seafood|le madri  168 w. 18th st.  new york  italian|0
cafe bianco  1486 2nd ave.  between 77th and 78th sts.  new york  coffee bar|indo cafe  10428 1/2 national blvd.  la  indonesian|0
cafe renaissance  7050 jimmy carter blvd.  norcross  atlanta  american|san francisco bbq  1328 18th st.  san francisco  thai|0
szechuan kitchen  1460 first ave.  new york city  chinese|monsoon (ny)  435 amsterdam ave.  new york city  thai|0
les celebrites  160 central park s  new york  french|les celebrites  155 w. 58th st.  new york city  french (classic)|1
otabe  68 e. 56th st.  new york  asian|des alpes  732 broadway  san francisco  french|0
brasserie le coze  3393 peachtree rd.  lenox square mall  near neiman marcus  atlanta  french|brasserie le coze  3393 peachtree rd.  atlanta  french bistro|1
layla  211 w. broadway at franklin st.  new york  middle eastern|holt bros. bar-b-q  6359 jimmy carter blvd.  at buford hwy.  norcross  atlanta  barbecue|0
my thai  1248 clairmont rd.  atlanta  thai|california pizza kitchen  207 s. beverly dr.  los angeles  californian|0
canter's  419 n. fairfax ave.  los angeles  american|r.j.'s uptown kitchen & wine bar  870 n. highland ave.  atlanta  american|0
ed debevic's  134 n. la cienega  los angeles  american|il mulino  86 w. third st.  new york city  italian|0
le perigord  405 e. 52nd st.  new york  french|sterling brunch  3645 las vegas blvd. s.  las vegas  eclectic|0
sant ambroeus  1000 madison ave.  between 77th and 78th sts.  new york  coffee bar|la fonda latina  4427 roswell rd.  atlanta  spanish|0
marnee thai  2225 irving st.  san francisco  thai|veselka  144 second ave.  new york city  ukrainian|0
brookhaven cafe  4274 peachtree rd.  atlanta  vegetarian|benita's frites  1433 third st. promenade  santa monica  fast food|0
penang soho  109 spring st.  between greene and mercer sts.  new york  asian|french quarter food shop  923 peachtree st.  at 8th st.  atlanta  southern|0
2223  2223 market st.  san francisco  american|duke's  8909 sunset blvd.  w. hollywood  coffee shops|0
water club  500 e. 30th st.  new york  american|caffe dante  81 macdougal st.  between houston and bleeker sts.  new york  coffee bar|0
koo koo roo  8393 w. beverly blvd.  la  chicken|maykadeh  470 green st.  san francisco  greek and middle eastern|0
carmine's  2450 broadway  between 90th and 91st sts.  new york  italian|carmine's  2450 broadway  new york city  italian|1
jack sprat's grill  10668 w. pico blvd.  los angeles  health food|kokomo cafe  6333 w. third st.  la  american|0
eats  600 ponce de leon ave.  atlanta  italian|bernard's  515 s. olive st.  los angeles  continental|0
girafe  208 e. 58th st.  between 2nd and 3rd aves.  new york  italian|bolo  23 e. 22nd st.  new york  mediterranean|0
tse yang  34 e. 51st st.  new york  asian|restaurant horikawa  111 s. san pedro st.  los angeles  asian|0
apple pan  the  10801 w. pico blvd.  west la  american|la salsa (la)  22800 pch  malibu  mexican|0
cafe claude  7 claude la.  san francisco  french|cafe claude  7 claude ln.  san francisco  french bistro|1
mavalli palace  46 e. 29th st.  new york  asian|zarela  953 second ave.  new york city  mexican|0
fleur de lys  777 sutter st.  san francisco  french|fleur de lys  777 sutter st.  san francisco  french (new)|1
palace court  3570 las vegas blvd. s  las vegas  continental|palace court  3570 las vegas blvd. s.  las vegas  french (new)|1
el cholo  1121 s. western ave.  los angeles  mexican|peacock alley  301 park ave.  between 49th and 50th sts.  new york  french|0
greens  bldg. a fort mason  san francisco  vegetarian|ti couz  3108 16th st.  san francisco  french|0
la folie  2316 polk st.  san francisco  french|la folie  2316 polk st.  san francisco  french (new)|1
alamo  304 e. 48th st.  new york  mexican|orso  322 w. 46th st.  new york  italian|0
french roast cafe  2340 broadway at 85th st.  new york  coffee bar|corner bistro  331 w. fourth st.  new york city  hamburgers|0
bryant park grill  roof restaurant and bp cafe  25 w. 40th st.  between 5th and 6th aves.  new york  american|cucina della fontana  368 bleecker st.  new york city  italian|0
sam's noodle shop  411 third ave.  new york city  chinese|circus circus  2880 las vegas blvd. s  las vegas  buffets|0
marnie's noodle shop  466 hudson st.  new york city  asian|hamburger mary's  1582 folsom st.  san francisco  hamburgers|0
caffe roma  385 broome st. at mulberry  new york  coffee bar|aja  937 broadway at 22nd st.  new york  american|0
jewel of india  15 w. 44th st.  new york  asian|carta  1772 market st.  san francisco  american|0
bobby & june's kountry kitchen  375 14th st.  atlanta  southern/soul|el teddy's  219 w. broadway  between franklin and white sts.  new york  mexican|0
golden steer  308 w. sahara ave.  las vegas  steak houses|global  33 93 2nd ave.  between 5th and 6th sts.  new york  american|0
tavern on the green  in central park at 67th st.  new york  american|tavern on the green  central park west  new york city  american (new)|1
feast from the east  1949 westwood blvd.  west la  chinese|hyde street bistro  1521 hyde st.  san francisco  italian|0
hong kong villa  2332 clement st.  san francisco  asian|103 west  103 w. paces ferry rd.  atlanta  continental|0
tre visi  3799 las vegas blvd. s.  las vegas  italian|prego  362 n. camden dr.  los angeles  italian|0
film center cafe  635 9th ave.  between 44th and 45th sts.  new york  american|cafe con leche  424 amsterdam ave.  new york city  cuban|0
the mandarin  430 n. camden dr.  los angeles  asian|da nico  164 mulberry st.  between grand and broome sts.  new york  italian|0
joss  9255 sunset blvd.  los angeles  asian|fraunces tavern  54 pearl st. at broad st.  new york  american|0
china grill  60 w. 53rd st.  new york  american|nicky blair's  3925 paradise rd.  las vegas  italian|0
oyster bar  lower level  new york city  seafood|tang pavillion  65 w. 55th st.  new york  asian|0
le soleil  133 clement st.  san francisco  asian|broiler  4111 boulder hwy.  las vegas  american|0
gramercy tavern  42 e. 20th st.  between park ave. s and broadway  new york  american|gramercy tavern  42 e. 20th st.  new york city  american (new)|1
pinot hollywood  1448 n. gower st.  los angeles  californian|adriano's ristorante  2930 beverly glen circle  los angeles  italian|0
luna si  1931 peachtree rd.  atlanta  continental|la taqueria  2889 mission st.  san francisco  mexican|0
verbena  54 irving pl. at 17th st.  new york  american|eclipse  8800 melrose ave.  los angeles  californian|0
new york noodletown  28 1/2 bowery at bayard st.  new york  asian|cafe adriano  3347 fillmore st.  san francisco  italian|0
sfuzzi  58 w. 65th st.  new york  american|orleans  11705 national blvd.  los angeles  cajun|0
cafe lalo  201 w. 83rd st.  new york  coffee bar|cafe lalo  201 w. 83rd st.  new york city  coffeehouses|1
big cup  228 8th ave.  between 21st and 22nd sts.  new york  coffee bar|silver skillet  the  200 14th st. nw  atlanta  coffee shops|0
feast  2411 w. sahara ave.  las vegas  buffets|bryant park grill  roof restaurant and bp cafe  25 w. 40th st.  between 5th and 6th aves.  new york  american|0
sammy's roumanian steak house  157 chrystie st. at delancey st.  new york  east european|elias corner  24-02 31st st.  queens  greek|0
postrio  545 post st.  san francisco  american|postrio  545 post st.  san francisco  californian|1
indigo coastal grill  1397 n. highland ave.  atlanta  caribbean|indigo coastal grill  1397 n. highland ave.  atlanta  eclectic|1
s.p.q.r  133 mulberry st.  between hester and grand sts.  new york  italian|cafe luxembourg  200 w. 70th st.  new york  french|0
la caridad  2199 broadway  new york city  cuban|la cachette  10506 little santa monica blvd.  century city  french (new)|0
columbus bakery  53rd sts.  new york  coffee bar|cafe pierre  2 e. 61st st.  new york  french|0
odeon  145 w. broadway at thomas st.  new york  american|gladstone's  4 fish 17300 pacific coast hwy. at sunset blvd.  pacific palisades  american|0
ernie's  2150 broadway  between 75th and 76th sts.  new york  american|la grotta at ravinia dunwoody rd.  holiday inn/crowne plaza at ravinia  dunwoody  atlanta  italian|0
majestic  1031 ponce de leon ave.  atlanta  diners|stoyanof's cafe  1240 9th ave.  san francisco  greek and middle eastern|0
matsuhisa  129 n. la cienega blvd.  beverly hills  asian|matsuhisa  129 n. la cienega blvd.  beverly hills  seafood|1
zarzuela  2000 hyde st.  san francisco  mexican/latin american/spanish|columbus bakery  53rd sts.  new york  coffee bar|0
faz  161 sutter st.  san francisco  greek and middle eastern|thep phanom  400 waller st.  san francisco  thai|0
cafe botanica  160 central park s  new york  french|il nido  251 e. 53rd st.  new york  italian|0
restaurant horikawa  111 s. san pedro st.  los angeles  asian|r-23  923 e. third st.  los angeles  japanese|0
bristol farms market cafe  1570 rosecrans ave. s.  pasadena  californian|trio cafe  1870 fillmore st.  san francisco  american|0
il nido  251 e. 53rd st.  new york  italian|jackson's farm  439 n. beverly drive  los angeles  californian|0
turkish kitchen  386 3rd ave.  between 27th and 28th sts.  new york  middle eastern|coco pazzo  23 e. 74th st.  new york  italian|0
c3  103 waverly pl.  near washington sq.  new york  american|lucky strike  59 grand st.  between wooster st. and w. broadway  new york  or 212/941-0772 american|0
harold's barbecue  171 mcdonough blvd.  atlanta  bbq|jimmy sung's  219 e. 44th st.  between 2nd and 3rd aves.  new york  asian|0
emerald garden restaurant  1550 california st.  san francisco  vietnamese|jody maroni's sausage kingdom  2011 ocean front walk  venice  hot dogs|0
river cafe  1 water st. at the east river  brooklyn  american|river cafe  1 water st.  brooklyn  american (new)|1
ralph's diner  3000 las vegas blvd. s  las vegas  coffee shops/diners|swingers  8020 beverly blvd.  los angeles  american|0
chiam  160 e. 48th st.  new york  asian|r&g lounge  631 b kearny st.  san francisco  or 415/982-3811 asian|0
tu lan  8 sixth st.  san francisco  vietnamese|palio  151 w. 51st. st.  new york  italian|0
il cortile  125 mulberry st.  between canal and hester sts.  new york  italian|vivande ristorante  670 golden gate ave.  san francisco  italian|0
flying biscuit  the  1655 mclendon ave.  atlanta  eclectic|chez jacqueline  72 macdougal st.  between w. houston and bleecker sts.  new york  french|0
zen palate  34 union sq. e at 16th st.  new york  and 212/614-9345 asian|manila garden  325 e. 14th st.  between 1st and 2nd aves.  new york  asian|0
little szechuan  c buford hwy.  northwoods plaza  doraville  atlanta  asian|barbecue kitchen  1437 virginia ave.  atlanta  bbq|0
cafe pinot  700 w. fifth st.  los angeles  californian|nobu  105 hudson st.  new york city  japanese|0
capozzoli's  3333 s. maryland pkwy.  las vegas  italian|jimmy's  201 moreno dr.  los angeles  continental|0
mangia e bevi  800 9th ave. at 53rd st.  new york  italian|cha cha cha's  1805 haight st.  san francisco  caribbean|0
bizou  598 fourth st.  san francisco  french|le gamin  50 macdougal st.  between houston and prince sts.  new york  coffee bar|0
rain  100 w. 82nd st.  new york  asian|pen & pencil  205 e. 45th st.  new york  american|0
orleans  11705 national blvd.  los angeles  cajun|gaylord's  ghirardelli sq.  san francisco  asian|0
ti couz  3108 16th st.  san francisco  french|west beach cafe  60 n. venice blvd.  los angeles  american|0
le gamin  50 macdougal st.  between houston and prince sts.  new york  coffee bar|roettelle a. g  126 e. 7th st.  between 1st ave. and ave. a  new york  continental|0
vicolo pizzeria  201 ivy st.  san francisco  pizza|perry's  1944 union st.  san francisco  american|0
21 club  21 w. 52nd st.  new york  american|21 club  21 w. 52nd st.  new york city  american (new)|1
perry's  1944 union st.  san francisco  american|rose of india  308 e. sixth st.  new york city  indian|0
montien  1134 1st ave.   between 62nd and 63rd sts.  new york  asian|motown cafe  104 w. 57th st.  near 6th ave.  new york  american|0
roscoe's house of chicken 'n' waffles  1514 n. gower st.  los angeles  american|montien  1134 1st ave.   between 62nd and 63rd sts.  new york  asian|0
ruth's chris steak house (los angeles)  224 s. beverly dr.  beverly hills  steakhouses|vivande porta via  2125 fillmore st.  san francisco  italian|0
seventh regiment mess and bar  643 park ave. at 66th st.  new york  american|la cumbre  515 valencia st.  san francisco  mexican|0
sparks steak house  210 e. 46th st.  new york city  steakhouses|remi  3rd st. promenade  santa monica  italian|0
brighton coffee shop  9600 brighton way  beverly hills  coffee shops|capozzoli's  3333 s. maryland pkwy.  las vegas  italian|0
french roast  458 6th ave. at 11th st.  new york  french|capsouto freres  451 washington st.  near watts st.  new york  french|0
follonico  6 w. 24th st.  new york  italian|grand cafe hotel monaco  501 geary st.  san francisco  american|0
katia's  600 5th ave.  san francisco  |marquet patisserie  15 e. 12th st.  between 5th ave. and university pl.  new york  coffee bar|0
cava  3rd st.  los angeles  mediterranean|white house restaurant  3172 peachtree rd. ne  atlanta  diners|0
lattanzi ristorante  361 w. 46th st.  new york  italian|il cortile  125 mulberry st.  between canal and hester sts.  new york  italian|0
la fonda latina  4427 roswell rd.  atlanta  spanish|dante's down the hatch  underground underground mall  underground atlanta  atlanta  continental|0
teresa's  103 1st ave.  between 6th and 7th sts.  new york  east european|pricci  500 pharr rd.  atlanta  italian|0
sally's cafe & bakery  300 de haro st.  san francisco  american|caffe bondi ristorante  7 w. 20th st.  new york  italian|0
vince & eddie's  70 w. 68th st.  new york  american|cendrillon asian grill & marimba bar  45 mercer st.  between broome and grand sts.  new york  asian|0
california pizza kitchen  207 s. beverly dr.  los angeles  californian|sushi nozawa  11288 ventura blvd.  studio city  japanese|0
john o'groats  10516 w. pico blvd.  west la  coffee shops|pink's famous chili dogs  709 n. la brea ave.  la  hot dogs|0
flowers  21 west 17th st.  between 5th and 6th aves.  new york  american|popover cafe  551 amsterdam ave.  between 86th and 87th sts.  new york  american|0
jackson's farm  439 n. beverly drive  los angeles  californian|harris'  2100 van ness ave.  san francisco  steak houses|0
alon's at the terrace  659 peachtree st.  atlanta  sandwiches|2223  2223 market st.  san francisco  american|0
r-23  923 e. third st.  los angeles  japanese|cite  120 w. 51st st.  new york  french|0
cucina della fontana  368 bleecker st.  new york city  italian|wa-ha-ka oaxaca mexican grill  2141 polk st.  san francisco  mexican|0
hawthorne lane  22 hawthorne st.  san francisco  american|hawthorne lane  22 hawthorne st.  san francisco  californian|1
kuruma zushi  2nd fl.  new york city  japanese|scala's bistro  432 powell st.  san francisco  italian|0
thelma's kitchen  764 marietta st. nw  atlanta  cafeterias|adrienne  700 5th ave. at 55th st.  new york  french|0
antonio's  3700 w. flamingo  las vegas  italian|moongate  3400 las vegas blvd. s.  las vegas  chinese|0
gaylord's  ghirardelli sq.  san francisco  asian|ipanema  13 w. 46th st.  new york  latin american|0
adrienne  700 5th ave. at 55th st.  new york  french|bruno's  3838 centinela ave.  mar vista  italian|0
locanda veneta  3rd st.  los angeles  italian|locanda veneta  8638 w. third st.  los angeles  italian|1
moongate  3400 las vegas blvd. s.  las vegas  chinese|asahi ramen  2027 sawtelle blvd.  west la  noodle shops|0
cypress club  500 jackson st.  san francisco  american|mo's burgers  1322 grant st.  san francisco  hamburgers|0
roettelle a. g  126 e. 7th st.  between 1st ave. and ave. a  new york  continental|mi spia dunwoody rd.  park place  across from perimeter mall  dunwoody  atlanta  italian|0
veselka  144 second ave.  new york city  ukrainian|kuruma zushi  2nd fl.  new york city  japanese|0
kamogawa  3300 peachtree rd.  grand hyatt  atlanta  asian|brighton coffee shop  9600 brighton way  beverly hills  coffee shops|0
the heights  3235 sacramento st.  san francisco  french|little szechuan  c buford hwy.  northwoods plaza  doraville  atlanta  asian|0
island spice  402 w. 44th st.  new york  tel caribbean|island spice  402 w. 44th st.  new york city  caribbean|1
annie's thai castle  3195 roswell rd.  atlanta  asian|planet hollywood  140 w. 57th st.  new york  american|0
carey's  1021 cobb pkwy. se  marietta  hamburgers|palio d'asti  640 sacramento st.  san francisco  italian|0
mckinnon's louisiane  3209 maple dr.  atlanta  southern|camille's  1186 n. highland ave.  atlanta  italian|0
manhattan ocean club  57 w. 58th st.  new york  seafood|manhattan ocean club  57 w. 58th st.  new york city  seafood|1
coyote cafe  3799 las vegas blvd. s  las vegas  southwestern|coyote cafe (las vegas)  3799 las vegas blvd. s.  las vegas  southwestern|1
republic  37a union sq. w  between 16th and 17th sts.  new york  asian|antonio's  3700 w. flamingo  las vegas  italian|0
duane park cafe  157 duane st.  between w. broadway and hudson st.  new york  american|margarita's mexican cantina  3120 las vegas blvd. s  las vegas  mexican|0
remi  145 w. 53rd st.  new york  italian|sammy's roumanian steak house  157 chrystie st. at delancey st.  new york  east european|0
vong  200 e. 54th st.  new york  american|arcadia  21 e. 62nd st.  new york city  american (new)|0
bernard's  515 s. olive st.  los angeles  continental|java jive  790 ponce de leon ave.  atlanta  coffee shops|0
sushi nozawa  11288 ventura blvd.  studio city  japanese|marichu  342 e. 46th st.  between 1st and 2nd aves.  new york  french|0
rosa mexicano  1063 1st ave. at 58th st.  new york  mexican|buca giovanni  800 greenwich st.  san francisco  italian|0
afghan kebab house  764 ninth ave.  new york city  afghan|new york kom tang soot bul house  32 w. 32nd st.  new york  asian|0
el teddy's  219 w. broadway  between franklin and white sts.  new york  mexican|pastis  1015 battery st.  san francisco  french|0
pastis  1015 battery st.  san francisco  french|veniero's pasticceria  342 e. 11th st.  near 1st ave.  new york  coffee bar|0
empress court  3570 las vegas blvd. s  las vegas  asian|arturo's  106 w. houston st.  off thompson st.  new york  italian|0
corner bistro  331 w. fourth st.  new york city  hamburgers|bouterin  420 e. 59th st.  off 1st ave.  new york  french|0
pen & pencil  205 e. 45th st.  new york  american|xunta  174 1st ave.  between 10th and 11th sts.  new york  mediterranean|0
match  160 mercer st.  between houston and prince sts.  new york  american|binion's coffee shop  128 fremont st.  las vegas  coffee shops/diners|0
la cachette  10506 little santa monica blvd.  century city  french (new)|cafe blanc  9777 little santa monica blvd.  beverly hills  pacific new wave|0
palio  151 w. 51st. st.  new york  italian|ferrier  29 e. 65th st.  new york  french|0
stage deli  834 7th ave.  between 53rd and 54th sts.  new york  delicatessen|kelley & ping  127 greene st.  new york city  pan-asian|0
ton kiang  3148 geary blvd.  san francisco  asian|taste of new orleans  889 w. peachtree st.  atlanta  southern|0
caffe reggio  119 macdougal st.  between 3rd and bleecker sts.  new york  coffee bar|rubin's red hots  15322 ventura blvd.  encino  hot dogs|0
le chardonnay  8284 melrose ave.  los angeles  french|le chardonnay (los angeles)  8284 melrose ave.  los angeles  french bistro|1
south park cafe  108 south park  san francisco  french|bristol farms market cafe  1570 rosecrans ave. s.  pasadena  californian|0
hugo's cellar  202 e. fremont st.  las vegas  continental|pamplemousse  400 e. sahara ave.  las vegas  continental|0
la grenouille  3 e. 52nd st.  new york city  french (classic)|la serenata de garibaldi  1842 e. first  st. boyle hts.  mexican/tex-mex|0
killer shrimp  4000 colfax ave.  studio city  seafood|jack sprat's grill  10668 w. pico blvd.  los angeles  health food|0
cafe michelle  1350 e. flamingo rd.  las vegas  american|cafe fes  246 w. 4th st. at charles st.  new york  mediterranean|0
diva  341 w. broadway  near grand st.  new york  italian|terrace  400 w. 119th st.  between amsterdam and morningside aves.  new york  continental|0
taste of new orleans  889 w. peachtree st.  atlanta  southern|stars cafe  500 van ness ave.  san francisco  american|0
lincoln tavern  51 w. 64th st.  new york  american|bardelli's  243 o'farrell st.  san francisco  old san francisco|0
f. ille ponte ristorante  39 desbrosses st.  near west st.  new york  italian|pacifica  138 lafayette st.  between canal and howard sts.  new york  asian|0
beaurivage  26025 pacific coast hwy.  malibu  french|kamogawa  3300 peachtree rd.  grand hyatt  atlanta  asian|0
veni vidi vici  41 14th st.  atlanta  italian|veni vidi vici  41 14th st.  atlanta  italian|1
georgia grille  2290 peachtree rd.  peachtree square shopping center  atlanta  american|georgia grille  2290 peachtree rd.  atlanta  southwestern|1
andre's french restaurant  401 s. 6th st.  las vegas  french (classic)|bugsy's diner  3555 las vegas blvd. s  las vegas  coffee shops/diners|0
coco loco  40  buckhead crossing mall on the sidney marcus blvd.  atlanta  caribbean|fiorello's roman cafe  1900 broadway  between 63rd and 64th sts.  new york  italian|0
au mandarin  200-250 vesey st. world financial center  new york  asian|phnom penh cambodian restaurant  631 larkin st.  san francisco  cambodian|0
palm  the (atlanta)  3391 peachtree rd. ne  atlanta  steakhouses|millennium  246 mcallister st.  san francisco  vegetarian|0
terrace  400 w. 119th st.  between amsterdam and morningside aves.  new york  continental|trattoria dell'arte  900 7th ave.  between 56th and 57th sts.  new york  italian|0
piero's restaurant  355 convention center dr.  las vegas  italian|killer shrimp  4000 colfax ave.  studio city  seafood|0
halcyon  151 w. 54th st.  in the rihga royal hotel  new york  american|annie's thai castle  3195 roswell rd.  atlanta  asian|0
thep phanom  400 waller st.  san francisco  thai|deacon burton's soulfood restaurant  1029 edgewood ave. se  atlanta  southern/soul|0
palm  837 second ave.  new york city  steakhouses|feast  2411 w. sahara ave.  las vegas  buffets|0
cafe con leche  424 amsterdam ave.  new york city  cuban|russell's burgers  1198 pch  seal beach  hamburgers|0
l'auberge du midi  310 w. 4th st.  between w. 12th and bank sts.  new york  french|emeril's new orleans fish house  3799 las vegas blvd. s.  las vegas  seafood|0
monkey bar  60 e. 54th st.  new york  american|victor's cafe  52 236 w. 52nd st.  new york  latin american|0
stringer's fish camp and oyster bar  3384 shallowford rd.  chamblee  atlanta  southern|tadich grill  240 california st.  san francisco  seafood|0
restaurant  ritz-carlton  atlanta  181 peachtree st.  atlanta  continental|ritz-carlton restaurant  181 peachtree st.  atlanta  french (classic)|1
helmand  430 broadway  san francisco  greek and middle eastern|sundown cafe  2165 cheshire bridge rd.  atlanta  american|0
oritalia  1915 fillmore st.  san francisco  italian|shaan  57 w. 48th st.  new york  asian|0
parkway grill  510 s. arroyo pkwy.  pasadena  californian|le chantilly  106 e. 57th st.  new york  french|0
boulevard  1 mission st.  san francisco  american|boulevard  1 mission st.  san francisco  american (new)|1
morton's  551 5th ave. at 45th st.  new york  american|stefano's  129 fremont st.  las vegas  italian|0
inca grill  492 broome st.  near w. broadway  new york  latin american|windows on the world  107th fl.  new york city  eclectic|0
ben benson's  123 w. 52nd st.  new york  american|felix  340 w. broadway at grand st.  new york  french|0
golden unicorn  18 e. broadway at catherine st.  new york  asian|zarzuela  2000 hyde st.  san francisco  mexican/latin american/spanish|0
dante's down the hatch  buckhead  3380 peachtree rd.  atlanta  continental|colonnade restaurant  1879 cheshire bridge rd.  atlanta  southern|0
sarabeth's  1295 madison ave.  new york city  american|langer's  704 s. alvarado st.  la  delis|0
ruth's chris  148 w. 51st st.  new york  american|gianni's  15 fulton st.  new york  seafood|0
il fornaio cucina italiana  301 n. beverly dr.  los angeles  italian|triangolo  345 e. 83rd st.  new york  italian|0
bruno's  3838 centinela ave.  mar vista  italian|bistro 45  45 s. mentor ave.  pasadena  californian|0
fog city diner  1300 battery st.  san francisco  american|le jardin  25 cleveland pl.  near spring st.  new york  french|0
march  405 e. 58th st.  new york  american|march  405 e. 58th st.  new york city  american (new)|1
michael's (las vegas)  3595 las vegas blvd. s.  las vegas  continental|il fornaio levi's plaza  1265 battery st.  san francisco  italian|0
l'osteria del forno  519 columbus ave.  san francisco  italian|s.p.q.r  133 mulberry st.  between hester and grand sts.  new york  italian|0
vivande porta via  2125 fillmore st.  san francisco  italian|chan dara  310 n. larchmont blvd.  los angeles  asian|0
ritz-carlton cafe (atlanta)  181 peachtree st.  atlanta  american (new)|agrotikon  322 e. 14 st.  between 1st and 2nd aves.  new york  mediterranean|0
le bernardin  155 w. 51st st.  new york  french|le bernardin  155 w. 51st st.  new york city  seafood|1
joe's  1023 abbot kinney blvd.  venice  american (new)|mangia e bevi  800 9th ave. at 53rd st.  new york  italian|0
chez jacqueline  72 macdougal st.  between w. houston and bleecker sts.  new york  french|chevys  4th and howard sts.  san francisco  mexican/latin american/spanish|0
second street grille  200 e. fremont st.  las vegas  seafood|second street grill  200 e. fremont st.  las vegas  pacific rim|1
chez michel  804 northpoint  san francisco  french|chez michel  804 north point st.  san francisco  californian|1
felix  340 w. broadway at grand st.  new york  french|serendipity  3 225 e. 60th st.  new york  american|0
veggieland  220 sandy springs circle  atlanta  vegetarian|the mandarin  430 n. camden dr.  los angeles  asian|0
rumpus  1 tillman pl.  san francisco  american|jewel of india  15 w. 44th st.  new york  asian|0
rose of india  308 e. sixth st.  new york city  indian|fishin eddie  73 w. 71st st.  new york  seafood|0
south city kitchen  1144 crescent ave.  atlanta  southern|majestic  1031 ponce de leon ave.  atlanta  diners|0
jimmy's  201 moreno dr.  los angeles  continental|mccormick & kuleto's  ghirardelli sq.  san francisco  seafood|0
9 jones street  9 jones st.  new york  american|sweet'n'tart cafe  76 mott st. at canal st.  new york  asian|0
pinot bistro  12969 ventura blvd.  los angeles  french|pinot bistro  12969 ventura blvd.  studio city  french bistro|1
sa tsu ki  3043 buford hwy.  atlanta  asian|le marais  150 w. 46th st.  new york  american|0
adriano's ristorante  2930 beverly glen circle  los angeles  italian|morton's of chicago (atlanta)  303 peachtree st. ne  atlanta  steakhouses|0
rubicon  558 sacramento st.  san francisco  american|casa la femme  150 wooster st.  between houston and prince sts.  new york  middle eastern|0
garden court  market and new montgomery sts.  san francisco  old san francisco|fog city diner  1300 battery st.  san francisco  american|0
acquarello  1722 sacramento st.  san francisco  italian|bradshaw's restaurant  2911 s. pharr court  atlanta  southern/soul|0
carnegie deli  854 7th ave.  between 54th and 55th sts.  new york  delicatessen|carnegie deli  854 seventh ave.  new york city  delis|1
one market  1 market st.  san francisco  american|china grill  60 w. 53rd st.  new york  american|0
arcadia  21 e. 62nd st.  new york city  american (new)|post house  28 e. 63rd st.  new york  american|0
